{"nwrmsle": 0.8261571666321248, "r2_score": -0.8594341254951023}